<?xml version="1.0" encoding="UTF-8" standalone="yes"?>
<addon id="plugin.video.agg1" name="AGG! build" version="1.0.1" provider-name="AGG">
  <requires>
    <import addon="xbmc.python" version="2.1.0"/>
  </requires>
  <extension point="xbmc.python.pluginsource" library="default.py">
        <provides>video executable</provides>
  </extension>
  <extension point="xbmc.addon.metadata">
    <summary lang="en">build</summary>
    <description lang="en">LETS HOPE THIS WORKS</description>
    <platform>all</platform>
  </extension>
</addon>
